CID,Canonical_SMILES
1,CC(=O)OC(CC(=O)[O-])C[N+](C)(C)C
2,CC(=O)OC(CC(=O)O)C[N+](C)(C)C
3,C1=CC(C(C(=C1)C(=O)O)O)O
4,CC(CN)O
5,C(C(=O)COP(=O)(O)O)N
6,C1=CC(=C(C=C1[N+](=O)[O-])[N+](=O)[O-])Cl
7,CCN1C=NC2=C(N=CN=C21)N
8,CCC(C)(C(C(=O)O)O)O
9,C1(C(C(C(C(C1O)O)OP(=O)(O)O)O)O)O
10,C1C(NC2=C(N1)NC(=NC2=O)N)CN(C=O)C3=CC=C(C=C3)C(=O)NC(CCC(=O)O)C(=O)O
11,C(CCl)Cl
12,C1=C(C=C(C(=C1O)O)O)O
13,C1=CC(=C(C=C1Cl)Cl)Cl
14,CCCCCC(=O)C=CC1C(CC(=O)C1CCCCCCC(=O)O)O
15,CC12CCC(=O)CC1CCC3C2CCC4(C3CCC4O)C
16,C1CCC(=O)NCCCCCC(=O)NCC1
17,C1C=CC(=NC1C(=O)O)C(=O)O
18,C(C(C(C(=O)C(=O)C(=O)O)O)O)O
19,C1=CC(=C(C(=C1)O)O)C(=O)O
20,C1=CC(=C(C(=C1)O)O)CCC(=O)O
21,CCC(C(=O)C)(C(=O)O)O
22,CC(=O)C(C)(C(=O)O)O
23,C(=CC(=C(C(=O)O)N)C(=O)O)C=O
24,C(C(C(C1(C(N(C2C(N1O)C(=O)NC(=N2)N)O)O)O)O)O)O
25,C(C(C(C1C(N(C2=C(N1)C(=O)N=C(N2)N)O)O)O)O)O
26,CC(=O)C(=O)C1=NC2C(N=C(NC2=O)N)N(C1O)O
27,C(C(C(C1=NC2=C(NC(=NC2=O)N)N(C1O)O)O)O)OP(=O)(O)OP(=O)(O)OP(=O)(O)O
28,C(=CC(=O)O)C=C(C(=O)O)N
29,C(=O)C(C(=O)O)N
30,C(=CC=O)C=C(C(=O)O)N
31,CC(CO)(C(COP(=O)(O)O)O)O
32,C(=CC(=O)O)C=C(C(=O)O)C(=O)O
33,C(C=O)Cl
34,C(CCl)O
35,C1=CC(OC1=O)(CC(=O)O)Cl
36,CC(C)C(C(C(=O)O)O)C(=O)O
37,C(C(C(CO)O)O)C(=O)C(=O)O
38,CC(C)(CO)C(=O)C(=O)O
39,CC1(COC(=O)C1=O)C
40,C1C(C(C(OC1O)CO)O)O
41,CSCCC(=O)C(=COP(=O)(O)O)O
42,C(CC(=O)O)C(=O)C=CC=C(C(=O)O)O
43,C(CC(=O)O)C(C(=O)O)O
44,C(C(=O)[O-])(C(=O)[O-])O
45,C(C(=O)O)(C(=O)O)O
46,C(C(C(COP(=O)(O)O)O)O)C(=O)C(=O)O
47,CCC(C)C(=O)C(=O)O
48,C(CC(=O)N)C(=O)C(=O)O
49,CC(C)C(=O)C(=O)O
50,C(C(C(C(C(=O)C(=O)O)O)O)O)O
51,C(CC(=O)O)C(=O)C(=O)O
52,CC(C(C)O)C(=O)SCCNC(=O)CCNC(=O)C(C(C)(C)COP(=O)(O)OP(=O)(O)OCC1C(C(C(O1)N2C=NC3=C(N=CN=C32)N)O)OP(=O)(O)O)O
53,CC(C(=O)C)C(=O)SCCNC(=O)CCNC(=O)C(C(C)(C)COP(=O)(O)OP(=O)(O)OCC1C(C(C(O1)N2C=NC3=C(N=CN=C32)N)O)OP(=O)(O)O)O
54,CCC(C)C(=O)SCCNC(=O)CCNC(=O)C(C(C)(C)COP(=O)(O)OP(=O)(O)OCC1C(C(C(O1)N2C=NC3=C(N=CN=C32)N)O)OP(=O)(O)O)O
55,CC(=CCCC(=CCCC(=CCCC(=CCCC(=CCCC(=CCCC(=CCCC(=CCC1=C(C(=CC=C1)O)O)C)C)C)C)C)C)C)C
56,CC=CCCC(=CCCC(=CCCC(=CCCC(=CCCC(=CCCC(=CCCC(=CCC1=C(C(=CC=C1)OC)O)C)C)C)C)C)C)C
57,CC(=CCCC(=CCCC(=CCCC(=CCCC(=CCCC(=CCCC(=CCCC(=CCC1=CC=CC=C1O)C)C)C)C)C)C)C)C
58,CCC(=O)C(=O)O
59,C(C(C(=O)O)OP(=O)(O)O)O
60,CC(CO)(C(COP(=O)(O)OP(=O)(O)OCC1C(C(C(O1)N2C=CC(=NC2=O)N)O)O)O)OP(=O)(O)O
61,C(C(C(=O)O)OP(=O)(O)O)OP(=O)(O)O
62,C1=C(C(C=C(C1O)Cl)Cl)Cl
63,CC(CC(C(=O)O)N)N
64,C1=C(C(C=C(C1O)Cl)O)Cl
65,C1=C(C(=CC(=C1Cl)O)Cl)O
66,C1=CC(=C(C=C1Cl)O)Cl
67,C(C(=O)C(C(C(=O)C(=O)O)O)O)O
68,CC1(C(COP(=O)(OP(=O)(O1)O)O)O)CO
69,CC(=O)C=CC=C(C(=O)O)O
70,CC(C)CC(=O)C(=O)O
71,C(CC(=O)C(=O)O)CC(=O)O
72,C1=CC(=C(C=C1C(=O)O)O)O
73,C1=NC(=C2C(=N1)N(C=N2)C3C(C(C(O3)COP(=O)(O)O)OP(=O)(O)O)O)N
74,CC(=O)CC(=O)SCCNC(=O)CCNC(=O)C(C(C)(C)COP(=O)(O)OP(=O)(O)OCC1C(C(C(O1)N2C=NC3=C(N=CN=C32)N)O)OP(=O)(O)O)O
75,C(CN)C=O
76,CC12CCC3C(C1CCC2=O)CC=C4C3(CCC(C4)O)C
77,CC(C)C(CC(=O)O)(C(=O)O)O
78,C(C(C(=O)O)N)Cl
79,C1=CC(=CN=C1)C#N
80,C1C(C(C(=O)C=C1C(=O)O)O)O
81,C(C(C(C(COP(=O)(O)O)O)O)O)C(=O)C(=O)O
82,C=C(C(=O)O)OC1CC(=CC(C1O)OP(=O)(O)O)C(=O)O
83,C(C(=O)C(=O)O)P(=O)O
84,CC(C)(COP(=O)(O)OP(=O)(O)OCC1C(C(C(O1)N2C=NC3=C(N=CN=C32)N)O)OP(=O)(O)O)C(C(=O)NCCC(=O)NCCSC(=O)CC(C)(CC(=O)O)O)O
85,C[N+](C)(C)CC(CC(=O)O)O
86,C1=CC(=C(C(=C1)O)N)C(=O)O
87,CC(CO)C(=O)O
88,CC(CO)C(=O)SCCNC(=O)CCNC(=O)C(C(C)(C)COP(=O)(O)OP(=O)(O)OCC1C(C(C(O1)N2C=NC3=C(N=CN=C32)N)O)OP(=O)(O)O)O
89,C1=CC(=C(C(=C1)O)N)C(=O)CC(C(=O)O)N
90,CC(C)(COP(=O)(O)OP(=O)(O)OCC1C(C(C(O1)N2C=NC3=C(N=CN=C32)N)O)OP(=O)(O)O)C(C(=O)NCCC(=O)NCCSC(=O)CC(CCC(=O)O)O)O
91,C1=CC(=CC(=C1)O)CCC(=O)O
92,COC1=CC2=C(C=CN=C2C=C1)C(C3CC4CCN3CC4(C=C)O)O
93,C(CC(=O)O)C(=O)CC(=O)O
94,CC(C)(COP(=O)(O)OP(=O)(O)OCC1C(C(C(O1)N2C=NC3=C(N=CN=C32)N)O)OP(=O)(O)O)C(C(=O)NCCC(=O)NCCSC(=O)CC(=O)CCC(=O)O)O
95,C(C(C(C(=O)C(C(=O)O)O)O)O)O
96,CC(=O)CC(=O)O
97,C(C1C(C(C(C(O1)O)O)O)OC2C(C(=O)C(C(O2)CO)O)O)O
98,C(C(=O)C(=O)O)S
99,CC(=CC(=O)SCCNC(=O)CCNC(=O)C(C(C)(C)COP(=O)(O)OP(=O)(O)OCC1C(C(C(O1)N2C=NC3=C(N=CN=C32)N)O)OP(=O)(O)O)O)C
100,CC(=CCCC(=CCCC(=CCCC(=CCCC(=CCCC(=CCCC(=CCCC(=CCC1=C(C=CC(=C1)C(=O)O)O)C)C)C)C)C)C)C)C
101,C1=CC(=CC(=C1)O)C=O
102,C1=CC(=CC(=C1)O)CO
103,CC(CCC(=O)SCCNC(=O)CCNC(=O)C(C(C)(C)COP(=O)(O)OP(=O)(O)OCC1C(C(C(O1)N2C=NC3=C(N=CN=C32)N)O)OP(=O)(O)O)O)C4CCC5C4(C(CC6C5C(CC7C6(CCC(=O)C7)C)O)O)C
104,C1C=C(OC1=O)CC(=O)O
105,C(C(=O)C(=O)O)OP(=O)(O)O
106,C(C(C(=O)O)N)OP(=O)(O)O
107,C1=CC=C(C=C1)CCC(=O)O
108,C1=CC(=CN=C1)CC(=O)O
109,C(C(C(=O)O)N)S(=O)O
110,C(C(=O)C(=O)O)S(=O)O
111,C(CNC(=O)N)C(=O)O
112,C(C(C(=O)C(=O)[O-])O)OP(=O)(O)O
113,C(C(C(=O)C(=O)O)O)OP(=O)(O)O
114,C1=CC(=CN=C1)CCCC(=O)O
115,C1C(C(C(C(O1)OP(=O)(O)O)O)O)N
116,C=C(C(=O)O)OC1C=C(C=CC1N)C(=O)O
117,C1=NC(=C(N1)C(=O)O)N
118,C(CC=O)CN
119,C(CC(=O)O)CN
120,C1=CC(=O)OC1=CC(=O)O
121,CC(CO)(C(COP(=O)(O)OP(=O)(O)OCC1C(C(C(O1)N2C=CC(=NC2=O)N)O)O)O)O
122,C(C(=O)CC(=O)O)C(=O)C=CC(=O)O
123,C(CC(=O)N)CN=C(N)N
124,CC(CC(=O)C(=O)O)O
125,C1=CC(=CC=C1CO)O
126,C1=CC(=CC=C1C=O)O
127,C1=CC(=CC=C1CC(=O)O)O
128,C1=NC(C(=O)N1)CCC(=O)O
129,CC(C)CCC=O
130,C(C(=O)C(=O)O)C(CC(=O)O)(C(=O)O)O
131,CC(C)(COP(=O)(O)O)C(C(=O)NCCC(=O)O)O
132,CC(C)(COP(=O)(O)O)C(C(=O)NCCC(=O)NC(CS)C(=O)O)O
133,C[N+](C)(C)CCCC=O
134,C[N+](C)(C)CCCC(=O)O
135,C1=CC(=CC=C1C(=O)O)O
136,C1C2CN(C=[N+]2C3=C(N1)NC(=NC3=O)N)C4=CC=C(C=C4)C(=O)NC(CCC(=O)O)C(=O)O
137,C(CC(=O)O)C(=O)CN
138,C(CCN)CC(=O)O
139,CC(C)CCCC(C)C1CCC2C1(C(CC3C2C(CC4C3(CCC(C4)O)C)O)O)C
140,CC(CCCC(C)C1CCC2C1(C(CC3C2C(CC4C3(CCC(C4)O)C)O)O)C)CO
141,C1C(=O)C(C(C(O1)OP(=O)(O)OP(=O)(O)OCC2C(C(C(O2)N3C=CC(=O)NC3=O)O)O)O)O
142,CC1C(C(C(O1)N2C=NC3=C(N=CN=C32)N)O)O
143,C1C(N(C2=C(N1)NC(=NC2=O)N)C=O)CNC3=CC=C(C=C3)C(=O)NC(CCC(=O)O)C(=O)O
144,C1=CC2=C(C=C1O)C(=CN2)CC(C(=O)O)N
145,C(C(C(C(=O)O)O)O)C(=O)C(=O)O
146,CN1C(CNC2=C1C(=O)N=C(N2)N)CNC3=CC=C(C=C3)C(=O)NC(CCC(=O)O)C(=O)O
147,CNCC1=CN(C(=NC1=O)[SeH])C2C(C(C(O2)CO)O)O
148,CNCC1=CN(C(=NC1=O)S)C2C(C(C(O2)CO)O)O
149,CSCC1C(C(C(O1)N2C=NC3=C(N=CN=C32)N)O)O
150,C(C1C(C(C(O1)N)O)O)OP(=O)(O)O
151,C(C1C(C(C(O1)NC(=O)CNC=O)O)O)OP(=O)(O)O
152,C(C1C(C(C(O1)NC(=O)CN)O)O)OP(=O)(O)O
153,C1=C(N(C=N1)C2C(C(C(O2)COP(=O)(O)O)O)O)N
154,C(C1C(C(C(O1)N=C(CNC=O)N)O)O)OP(=O)(O)O
155,C1=NC(=C(N1)C(=O)O)NC(=O)N
156,C1CNC2=NC=NC=C2N1
157,C(C(=O)C(C(C(C(=O)O)O)O)O)O
158,CCCCCC(C=CC1C(CC(=O)C1CC=CCCCC(=O)O)O)O
159,CCCCCC(C=CC1C(CC2C1CC(=CCCCC(=O)O)O2)O)O
160,CCCCCC(C=CC1C(CC(C1CC=CCCCC(=O)O)O)O)O
161,C1C(=NC2C(N1)N=C(NC2=O)N)C(C(COP(=O)(O)OP(=O)(O)OP(=O)(O)O)O)O
162,CC1(C(N2C(S1)C(C2=O)N)C(=O)O)C
163,CC(C)(COP(=O)(O)OP(=O)(O)OCC1C(C(C(O1)N2C=NC3=C(N=CN=C32)N)O)OP(=O)(O)O)C(C(=O)NCCC(=O)NCCSC(=O)CCCCCC(=O)O)O
164,C(CC(=O)C=[N+]=[N-])C(C(=O)O)N
165,C(CC(=C[N+]#N)O)C(C(=O)O)N
166,CC(=O)C(=O)C1CNC2C(N1)C(=O)NC(=N2)N
167,C1CN=C2C(=N1)C=NC=N2
168,C(C1C(C(C(C(O1)O)O)O)OC2C(C(C(C(O2)COP(=O)(O)O)O)O)O)O
169,CCCCCC=CCC(C=CC=CC=CC(CCCC(=O)O)O)O
170,C1C(=NC2=C(N1)NC(=NC2=O)N)CNC3=CC=C(C=C3)C(=O)O
171,C1=C(C2=C(N1)NC(=NC2=O)N)CN
172,CC(C)CCCC(C)C1CCC2C1(CCC3C2=CC=C4C3(CCC(C4)O)C)C
173,CC(C(=O)CCCCCC(=O)O)N
174,C(CO)O
175,CC(=O)[O-]
176,CC(=O)O
177,CC=O
178,CC(=O)N
179,CC(C(=O)C)O
180,CC(=O)C
181,CC(=O)SCCNC(=O)CCNC(=O)C(C(C)(C)COP(=O)(O)OP(=O)(O)OCC1C(C(C(O1)N2C=NC3=C(N=CN=C32)N)O)OP(=O)(O)O)O
182,CC(=CCCC(=CCCC(=CCCC(=CCCC(=CCCC(=CCCC(=CCCC(=CCCC(=CCCC(=CCCC(=CCOP(=O)(O)OP(=O)(O)OC1C(C(C(C(O1)CO)O)O)NC(=O)C)C)C)C)C)C)C)C)C)C)C)C
183,CC(=CCCC(=CCCC(=CCCC(=CCCC(=CCCC(=CCCC(=CCCC(=CCCC(=CCCC(=CCCC(=CCOP(=O)(O)OP(=O)(O)OC1C(C(C(C(O1)CO)OC2C(C(C(C(O2)CO)O)O)NC(=O)C)O)NC(=O)C)C)C)C)C)C)C)C)C)C)C)C
184,CC(=O)NC1C(C(C(OC1NC(=O)CC(C(=O)O)N)CO)O)O
185,CC(=O)NC(CCC(=O)O)C(=O)O
186,CC(=O)OP(=O)(O)O
187,CC(=O)OCC[N+](C)(C)C
188,CC(=O)OC1C(C(C(C(O1)CO)OC2C(C(C(C(O2)CO)O)O)O)O)O
189,CC(=O)OCC(C(=O)O)N
190,C1=NC2=NC=NC(=C2N1)N
191,C1=NC(=C2C(=N1)N(C=N2)C3C(C(C(O3)CO)O)O)N
192,C1=NC(=C2C(=N1)N(C=N2)C3C(C(C(O3)COP(=O)(O)OP(=O)(O)OCC4C(C(C(O4)O)O)O)O)O)N
193,C1=NC(=C2C(=N1)N(C=N2)C3C(C(C(O3)CSCCC(C(=O)O)N)O)O)N
194,C1=NC(=C2C(=N1)N(C=N2)C3C(C(C(O3)COP(=O)(O)OP(=O)(O)OP(=O)(O)OP(=O)(O)OCC4C(C(C(O4)N5C=NC6=C(N=CN=C65)N)O)O)O)O)N
195,C1=NC(=C2C(=N1)N(C=N2)C3C(C(C(O3)COP(=O)(O)O)O)O)NC(CC(=O)O)C(=O)O
196,C(CCC(=O)O)CC(=O)O
197,C1=NC(=C2C(=N1)N(C=N2)C3C(C(C(O3)COP(=O)(O)OP(=O)(O)O)O)O)N
198,C1=NC(=C2C(=N1)N(C=N2)C3C(C(C(O3)COP(=O)(O)OP(=O)(O)OC4C(C(C(C(O4)CO)O)O)O)O)O)N
199,C(CCN=C(N)N)CN
200,C1=NC(=C(N1C2C(C(C(O2)COP(=O)(O)O)O)O)N)C(=O)N
201,CC(=CCCC(=CCCC(=CCCC(=CCCC(=CCCC(=CCCC(=CCOP(=O)(O)OP(=O)(O)O)C)C)C)C)C)C)C
202,CC(=CCCC(=CCCC(=CCCC(=CCCC(=CCCC(=CCOP(=O)(O)OP(=O)(O)O)C)C)C)C)C)C
203,C(C(=O)O)(NC(=O)N)NC(=O)N
204,C1(C(=O)NC(=O)N1)NC(=O)N
205,CC(C(C(=O)O)N)O
206,C(C1C(C(C(C(O1)O)O)O)O)O
207,C(CC=O)CC(C(=O)O)N
208,C(C1C(C(C(C(O1)O)O)O)O)OP(=O)(O)O
209,CC(=O)NC1C(CC(OC1C(C(CO)O)O)(C(=O)O)OC2C(C(OC(C2O)OC3C(OC(C(C3O)NC(=O)C)OC4C(OC(C(C4O)NC(=O)C)NC(=O)CC(C(=O)N)NC(=O)C)CO)CO)CO)O)O
210,CC(=O)NC1C(CC(OC1C(C(CO)O)O)(C(=O)O)OCC2C(C(C(C(O2)OC3C(OC(C(C3O)NC(=O)C)O)CO)O)O)O)O
211,CC1=CC2=C(C=C1C)N(C=N2)C3C(C(C(O3)CO)O)O
212,CC1=CC2=C(C=C1C)N(C=N2)C3C(C(C(O3)COP(=O)(O)O)O)O
213,CCCCCC(C=CC1C(C2CC(O2)O1)CC=CCCCC(=O)O)O
214,CCCCCC(C=CC1C(CC(=O)C1CCCCCCC(=O)O)O)O
215,CC(=O)CN
216,CC1=NC=C(C(=N1)N)COP(=O)(O)O
217,CC1=NC=C(C(=N1)N)COP(=O)(O)OP(=O)(O)O
218,C1C(=NC2=C(N1)NC(=NC2=O)N)CO
219,CC(=O)C(C(=O)O)N
220,CCOP(=S)(OCC)OC1=CC=C(C=C1)N
221,C(C(C(C(CO)O)O)O)NC1=C(C(=O)NC(=O)N1)N
222,N
223,[NH4+]
224,C1=NC(=C2C(=N1)N(C=N2)C3C(C(C(O3)COP(=O)(O)O)O)O)N
225,CC12CCC(CC1CCC3C2CCC4(C3CCC4=O)C)O
226,C(N)(O)P
227,C1=CC=C(C(=C1)C(=O)O)N
228,C1=NC(=C2C(=N1)N(C=N2)C3C(C(C(O3)COP(=O)(O)OS(=O)(=O)O)O)O)N
229,C1C(C(C(C(O1)O)O)O)O
230,C(C(C(C(C=O)O)O)O)OP(=O)(O)O
231,CCCCCC=CCC=CCC=CCC=CCCCC(=O)O
232,C(CC(C(=O)O)N)CN=C(N)N
233,O[As](=O)([O-])[O-]
234,O[As](=O)(O)O
235,C(C(C1C(=O)C(=C(O1)O)O)O)O
236,C(C(C(=O)O)N)C(=O)N
237,CCN(CC)CCCC(C)NC1=C2C=C(C=CC2=NC3=C1C=CC(=C3)Cl)OC
238,C1=NC(=C2C(=N1)N(C=N2)C3C(C(C(O3)COP(=O)(O)OP(=O)(O)OP(=O)(O)O)O)O)N
239,C(CN)C(=O)O
240,C1=CC=C(C=C1)C=O
241,C1=CC=CC=C1
242,C1=CC=C(C=C1)C(=O)[O-]
243,C1=CC=C(C=C1)C(=O)O
244,C1=CC=C(C=C1)CO
245,CC(=O)NC1C(C(C(OC1O)CO)OC2C(C(C(C(O2)CO)O)O)O)O
246,CC12CCC(CC1CCC3C2CCC4(C3CCC4=O)C)OS(=O)(=O)O
247,C[N+](C)(C)CC(=O)[O-]
248,C[N+](C)(C)CC(=O)O
249,C[N+](C)(C)CC=O
250,CC1=C(NC(=C1CCC(=O)O)CC2=C(C(=C(N2)C=C3C(=C(C(=O)N3)C)C=C)C)CCC(=O)O)C=C4C(=C(C(=O)N4)C=C)C
251,CC1=C(C(=CC2=C(C(=C(N2)C=C3C(=C(C(=O)N3)C)C=C)C)CCC(=O)O)NC1=CC4=NC(=O)C(=C4C)C=C)CCC(=O)O
252,CC(C(C1=NC2=C(NC1)NC(=NC2=O)N)O)O
253,C1C2C(C(S1)CCCCC(=O)O)NC(=O)N2
254,C1=CC=C(C=C1)C2=C(C(=CC=C2)O)O
255,C1=CC(=CC=C1[N+](=O)[O-])OP(=O)(O)OC2=CC=C(C=C2)[N+](=O)[O-]
256,CCCCCCCCCCCC(CC(=O)NC1C(C(C(OC1OCC2C(C(C(C(O2)OP(=O)(O)O)NC(=O)CC(CCCCCCCCCCC)O)OC(=O)CC(CCCCCCCCCCC)O)O)CO)O)OC(=O)CC(CCCCCCCCCCC)O)O
257,CCCCCCCCCCCC(CC(=O)NC1C(C(C(OC1OP(=O)(O)O)CO)O)OC(=O)CC(CCCCCCCCCCC)O)O
258,CN(CCC(CC(=O)NC1C=CC(OC1C(=O)O)N2C=CC(=NC2=O)N)N)C(=N)N
259,[Br-]
260,Br
261,CCCC=O
262,CC(C(C)O)O
263,CCCCO
264,CCCC(=O)O
265,CCCC(=O)SCCNC(=O)CCNC(=O)C(C(C)(C)COP(=O)(O)OP(=O)(O)OCC1C(C(C(O1)N2C=NC3=C(N=CN=C32)N)O)OP(=O)(O)O)O
266,CCCC(=O)OP(=O)(O)O
267,CC(C(=O)NC(CCC(=O)NC(CCCC(C(=O)O)N)C(=O)NC(C)C(=O)NC(C)C(=O)O)C(=O)O)NC(=O)C(C)OC1C(C(OC(C1O)CO)OP(=O)(O)OP(=O)(O)OCC2C(C(C(O2)N3C=CC(=O)NC3=O)O)O)NC(=O)C
268,CC(C(=O)NC(CCC(=O)O)C(=O)NC(CCCCN)C(=O)NC(C)C(=O)NC(C)C(=O)O)NC(=O)C(C)OC1C(C(OC(C1O)CO)OP(=O)(O)OP(=O)(O)OCC2C(C(C(O2)N3C=CC(=O)NC3=O)O)O)NC(=O)C
269,CC(C(=O)NC(CCC(=O)NC(CCCC(C(=O)O)N)C(=O)NC(C)C(=O)NC(C)C(=O)O)C(=O)O)NC(=O)C(C)OC1C(C(OC(C1O)CO)OP(=O)(O)OP(=O)(O)OCC=C(C)CCC=C(C)CCC=C(C)CCC=C(C)CCC=C(C)CCC=C(C)CCC=C(C)CCC=C(C)CCC=C(C)CCC=C(C)CCC=C(C)C)NC(=O)C
270,CC(C(=O)NC(CCC(=O)NC(CCCC(C(=O)O)N)C(=O)NC(C)C(=O)NC(C)C(=O)O)C(=O)O)NC(=O)C(C)OC1C(C(OC(C1OC2C(C(C(C(O2)CO)O)O)NC(=O)C)CO)OP(=O)(O)OP(=O)(O)OCC=C(C)CCC=C(C)CCC=C(C)CCC=C(C)CCC=C(C)CCC=C(C)CCC=C(C)CCC=C(C)CCC=C(C)CCC=C(C)CCC=C(C)C)NC(=O)C
271,[Ca+2]
272,[CaH2]
273,C(CCN)CCN
274,C1C2C(C(C(O2)N3C=NC4=C(N=CN=C43)N)O)OP(=O)(O1)O
275,C(CON=C(N)N)C(C(=O)O)N
276,C(=O)(N)[O-]
277,C(=O)(N)O
278,C(=O)(N)OP(=O)(O)O
279,C(C(C(=O)O)NC(=O)N)C(=O)O
280,C(=O)=O
281,[C-]#[O+]
282,C1=CC(C(C(=C1)CCC(=O)O)O)O
283,C(=O)[O-]
284,C(=O)O
285,C(C(=O)[O-])ON
286,C(C(=O)O)ON
287,C1=CC=C(C(=C1)C(=O)O)NCC(=O)C(C(COP(=O)(O)O)O)O
288,C[N+](C)(C)CC(CC(=O)[O-])O
289,C1=CC=C(C(=C1)O)O
290,C1=CN(C(=O)N=C1N)C2C(C(C(O2)COP(=O)(O)OP(=O)(O)O)O)O
291,C[N+](C)(C)CCOP(=O)(O)OP(=O)(O)OCC1C(C(C(O1)N2C=CC(=NC2=O)N)O)O
292,C1=CN(C(=O)N=C1N)C2C(C(C(O2)COP(=O)(O)OP(=O)(O)OC3C(C(C(C(O3)CO)O)O)O)O)O
293,C1=CN(C(=O)N=C1N)C2C(C(C(O2)COP(=O)(O)OP(=O)(O)OCCN)O)O
294,C(C1C(C(C(C(O1)OC2C(OC(C(C2O)O)O)CO)O)O)O)O
295,C1C2C(C(C(O2)N3C=NC4=C3NC(=NC4=O)N)O)OP(=O)(O1)O
296,CC(C=O)C(=O)O
297,C
298,C1=CC(=CC=C1C(C(CO)NC(=O)C(Cl)Cl)O)[N+](=O)[O-]
299,C1(=O)C2(C3(C4(C1(C5(C2(C3(C(C45Cl)(Cl)Cl)Cl)Cl)Cl)Cl)Cl)Cl)Cl
300,C(C(=O)O)Cl
301,C1=CC(=C(C=C1O)Cl)O
302,CC(CCC(=O)O)C1CCC2C1(C(CC3C2C(=O)CC4C3(CCC(C4)O)C)O)C
303,CC(CCC(=O)O)C1CCC2C1(C(CC3C2C(CC4C3(CCC(C4)O)C)O)O)C
304,CC(C)CCCC(C)C1CCC2C1(CCC3C2CC=C4C3(CCC(C4)O)C)C
305,C[N+](C)(C)CCO
306,C=C(C(=O)O)OC1C=C(C=CC1O)C(=O)O
307,C1=CC=C(C=C1)C=CC=O
308,C1=CC=C(C=C1)C=CCO
309,C(C(=CC(=O)O)C(=O)O)C(=O)O
310,C(=CC(=O)O)C=CC(=O)O
311,C(C(=O)O)C(CC(=O)O)(C(=O)O)O
312,[Cl-]
313,Cl
314,C1=CN(C(=O)N=C1N)C2C(C(C(O2)COP(=O)(O)O)O)O
315,C1=CN(C(=O)N=C1N)C2C(C(C(O2)COP(=O)(O)OCC(C(C(C(CC(=O)C(=O)O)O)O)O)O)O)O
316,CC(=O)NC1C(CC(OC1C(C(CO)O)O)(C(=O)O)OP(=O)(O)OCC2C(C(C(O2)N3C=CC(=NC3=O)N)O)O)O
317,CC(C)(COP(=O)(O)OP(=O)(O)OCC1C(C(C(O1)N2C=NC3=C(N=CN=C32)N)O)OP(=O)(O)O)C(C(=O)NCCC(=O)NCCS)O
318,CC1C2C(C(C(=N2)CC3=NC(=C(C4=NC(C5C(C(C1=N5)(C)CCC(=O)NCC(C)O)CC(=O)N)(C(C4CCC(=O)N)(C)CC(=O)N)C)C)C(C3CCC(=O)N)(C)CC(=O)N)(C)C)CCC(=O)N.[Co]
319,CC1C2C(C(C(=N2)CC3=NC(=C(C4=NC(C5C(C(C1=N5)(C)CCC(=O)NCC(C)O)CC(=O)N)(C(C4CCC(=O)N)(C)CC(=O)N)C)C)C(C3CCC(=O)N)(C)CC(=O)N)(C)C)CCC(=O)N
320,C1C(C2=C(NC=N1)N(C=N2)C3C(C(C(O3)CO)O)O)O
321,CC1=C2CC3=C(C(=C(N3)CC4=C(C(=C(N4)CC5=C(C(=C(N5)CC(=C1CCC(=O)O)N2)C)CCC(=O)O)C)CCC(=O)O)CCC(=O)O)C
322,C1=CC(=CC=C1C=CC(=O)O)O
323,C1=CC=C2C(=C1)C=CC(=O)O2
324,CC(C)(COP(=O)(O)OP(=O)(O)OCC1C(C(C(O1)N2C=NC3=C(N=CN=C32)N)O)OP(=O)(O)O)C(C(=O)NCCC(=O)NCCSC(=O)C=CC4=CC=C(C=C4)O)O
325,CC(C)C1=CC=C(C=C1)CO
326,CC(C)C1=CC=C(C=C1)C=O
327,C1=C(NC2=C1C(=O)C(=C3C2=C(C=C(N3)C(=O)O)C(=O)O)O)C(=O)O
328,C1=CC(=CC=C1C(C(=O)O)O)O
329,CSCC(C(C(=O)COP(=O)(O)O)O)O
330,CC(C)CCCC(C)C1CCC2C1(CCC3=C2CCC4C3(CCC(C4)O)C)C
331,CC(CC(CC(=O)O)N)N
332,COC1=C(C=CC(=C1)C=C)O
333,C(C(C(C(COP(=O)(O)O)O)O)O)NC1=C(C(=O)NC(=O)N1)N
334,CC(C)CCCC(C)C1CCC2C1(CCC3C2C(CC4=CC(=O)CCC34C)O)C
335,CC1=CC=CC=C1O
336,C(C(=O)O)(NC(=O)N)O
337,CC(=O)C(C(CO)O)O
338,C1=CC=C(C(=C1)C(=O)O)O
339,C(CP(=O)(O)O)N
340,CC1=C(C(=CC=C1)O)O
341,C1=C(C=C(C(=C1O)O)O)C(=O)OC2=CC(=CC(=C2O)O)C(=O)O
342,CC1=CC(=CC=C1)O
343,C1(C(C(C2C(C1O)OP(=O)(O2)O)O)O)O
344,C1C(C(C(C(=O)C1=O)O)O)O
345,CC(=C(CC(=O)O)C(=O)O)C(=O)O
346,C1=CC(=CC=C1O)OC2C(C(C(C(O2)CO)O)O)O
347,C1=CC(=CC(=C1)OC2C(C(C(C(O2)CO)O)O)O)CO
348,C1=CC(=CC=C1O)OC2C(C(C(C(O2)COP(=O)(O)O)O)O)O
349,C(C1C(C(=O)C(C(O1)O)O)O)O
350,CC(C(C(=O)O)NC(=O)CCCCCCS)OP(=O)(O)O
351,CC(C(C(=O)O)NC(=O)CCCCCCSSCCS(=O)(=O)O)OP(=O)(O)O
352,CC(C(C1=CNC2=C(N1)C(=NC(=N2)N)OC(=O)C(CCC(=O)O)N)OC(=O)C(CCC(=O)O)N)OC(=O)C(CCC(=O)O)N
353,CC(C(C1=CNC2=C(N1C)C(=NC(=N2)N)OC(=O)C(CCC(=O)O)N)OC(=O)C(CCC(=O)O)N)OC(=O)C(CCC(=O)O)N
354,C(CC(=O)O)C=CC(=O)C(=O)O
355,C1=CC(=CC=C1C(=O)C(=O)O)O
356,CCCCCCCC
357,C1=C(C(C=C(C1Cl)Cl)Cl)Cl
358,CC(CC(=O)CC(=O)O)N
359,C1=C(C=C(C=C1O)O)O
360,CCC(=CCCCC(C)CCOP(=O)(O)OC1C(C(C(C(O1)CO)O)O)O)C
361,C1C(CC(=O)C=C1O)O
362,C1=CC=C2C(C(C=CC2=C1)O)O
363,C(C=O)N
364,C(C(C(=O)O)N)N
365,CCCCCC=CCC=CCCCCCCCC(=O)SCCNC(=O)CCNC(=O)C(C(C)(C)COP(=O)(O)OP(=O)(O)OCC1C(C(C(O1)N2C=NC3=C(N=CN=C32)N)O)OP(=O)(O)O)O
366,CC1=CC(=O)OC2=C1C=CC(=C2)OC(=O)C
367,CC1=C2C=CC(=O)C=C2OC(=C1)O
368,C(CCNCCCCN)CN
369,C1=NC2=C(N1C3C(C(C(O3)COP(=O)(O)OP(O)(O)OC4C(C(C(C(O4)C(=O)O)O)O)O)O)O)NC(=NC2=O)N
370,C1=C(C=C(C(=C1O)O)O)C(=O)O
371,C(#CC(=O)O)C(=O)O
372,C1=C(C=C(OC1=O)C(=O)O)C(=O)O
373,C(=C(C=C(O)O)C(=O)O)C(=O)C(=O)O
374,C(C(=CC(=O)C(=O)O)C(=O)O)C(=O)O
375,CC(=CCCC(=CCCC(=CCCC(=CCCC(=CCCC(=CCCC(=CCCC(=CCCC(=CCCC(=CCCC(=CCO)C)C)C)C)C)C)C)C)C)C)C
376,CC(=O)CC(CC(=O)O)O
377,CCC(=CCCCC(C)CCOP(=O)(O)OP(=O)(O)OC1C(C(C(C(O1)CO)O)O)NC(=O)C)C
378,C1=CC(=CC=C1[N+](=O)[O-])OP(=O)(O)O
379,CCCCCCCC(=O)O
380,CCCCCCCC(=O)SCCNC(=O)CCNC(=O)C(C(C)(C)COP(=O)(O)OP(=O)(O)OCC1C(C(C(O1)N2C=NC3=C(N=CN=C32)N)O)OP(=O)(O)O)O
381,CC(=O)CC(CC(=O)SCCNC(=O)CCNC(=O)C(C(C)(C)COP(=O)(O)OP(=O)(O)OCC1C(C(C(O1)N2C=NC3=C(N=CN=C32)N)O)OP(=O)(O)O)O)O
382,CC(C)(COP(=O)(O)OP(=O)(O)OCC1C(C(C(O1)N2C=NC3=C(N=CN=C32)N)O)OP(=O)(O)O)C(C(=O)NCCC(=O)NCCSC(=O)C4=CC=C(C=C4)O)O
383,CC(CCC(=O)SCCNC(=O)CCNC(=O)C(C(C)(C)COP(=O)(O)OP(=O)(O)OCC1C(C(C(O1)N2C=NC3=C(N=CN=C32)N)O)OP(=O)(O)O)O)C4CCC5C4(C(CC6C5C(CC7C6(CCC(C7)O)C)O)O)C
384,CCCC(C(=O)O)NC(C)C(=O)O
385,C(CCC(=O)O)CCC(=O)O
386,CC(C)CCCC(C)CCCC(C)CCCC(C)CC(=O)SCCNC(=O)CCNC(=O)C(C(C)(C)COP(=O)(O)OP(=O)(O)OCC1C(C(C(O1)N2C=NC3=C(N=CN=C32)N)O)OP(=O)(O)O)O
387,CC(C)(COP(=O)(O)OP(=O)(O)OCC1C(C(C(O1)N2C=NC3=C(N=CN=C32)N)O)OP(=O)(O)O)C(C(=O)NCCC(=O)NCCSC(=O)CC4=CC=CC=C4)O
388,CC(C)(COP(=O)(O)OP(=O)(O)OCC1C(C(C(O1)N2C=NC3=C(N=CN=C32)N)O)OP(=O)(O)O)C(C(=O)NCCC(=O)NCCSC(=O)CC(C(=O)O)O)O
389,C(CC(C(=O)O)N)CN
390,C1=CN(C(=O)NC1=O)C2C(C(C(O2)COP(=O)(O)OP(=O)(O)OC3C(C(C(C(O3)C(=O)O)O)O)O)O)O
391,CCC(=CCCCC(C)CCOP(=O)(O)OP(=O)(O)O)C
392,C(CC(CC(=O)O)N)CN
393,C(C(C(C(=O)C(C(=O)O)O)O)O)OP(=O)(O)O
394,CCC1=C(C2C=C3C(=C(C(=CC4=NC(=CC5=C(C(=C([N-]5)C=C1[N-]2)C(C)SCC(C(=O)NC)N)C)C(=C4CCC(=O)O)C)[N-]3)CCC(=O)O)C)C(C)SCC(C(=O)NC)N.[Fe+3]
395,CCC1=C(C2C=C3C(=C(C(=CC4=C(C(=C(N4)C=C5C(=C(C(=CC1=N2)N5)C(C)SCC(C(=O)NC)N)C)C)CCC(=O)O)N3)CCC(=O)O)C)C(C)SCC(C(=O)NC)N
396,CCC1=C(C2C=C3C(=C(C(=CC4=NC(=CC5=C(C(=C([N-]5)C=C1[N-]2)C(C)SCC(C(=O)NC)N)C)C(=C4CCC(=O)O)C)[N-]3)CCC(=O)O)C)C(C)SCC(C(=O)NC)N.[Fe+2]
397,C1=CC=C2C(=C1)C(=CN2)CC(=O)N
398,CC(C)[N+](=O)[O-]
399,C(=CC(=O)O)C(=CC(=O)O)C(=O)O
400,C1=CC=C(C(=C1)C=O)NC=O
401,C1C(C(=O)NO1)N
402,S
403,C1=CC(=CC=C1N)O
404,C(CCNO)CC(C(=O)O)N
405,CC(C)CCCC(C)C1CCC2C1(CCC3C2C(C=C4C3(CCC(C4)O)C)O)C
406,[O-]P(=O)[O-]
407,OP(=O)O
408,CN1C(CCC1=O)C2=CN=CC=C2
409,C[N+]1(CCCC1C2=CN=CC=C2)[O-]
410,CN1CCCC1C2=C[N+](=CC=C2)C3C(C(C(C(O3)C(=O)O)O)O)O
411,CN1C(CCC1=O)C2=C[N+](=CC=C2)C3C(C(C(C(O3)C(=O)O)O)O)O
412,C1CC(NC1)C2=CN=CC=C2
413,C1CC(=O)NC1C2=CN=CC=C2
414,CN1C(CC(C1=O)O)C2=CN=CC=C2
415,CN1C(=O)CCC1(C2=CN=CC=C2)O
416,CN1C(CC(C1=O)OC2C(C(C(C(O2)C(=O)O)O)O)O)C3=CN=CC=C3
417,C(=CC(=O)O)C(=CC(=O)O)Cl
418,C1=CC(C(C=C1)O)O
419,C(C(=O)C=CC(=O)O)C(=O)O
420,CC(C)CCCC(C)C1CCC2C1(CCC3C2=CCC4C3(CCC(C4)O)C)C
421,C(CCC(=O)O)CC(CCS)S
422,C(C(C(C(C(C(=O)O)O)O)O)O)OP(=O)(O)O
423,CC(=O)CC(C(=O)O)N
424,C(C(C(=O)O)N)C(=O)O
425,C1=CC(=CC=C1C=CC(=O)C2=C(C=C(C=C2)O)O)O
426,C(CC(C(=O)O)NC(CCC(=O)O)C(=O)O)CN=C(N)N
427,CC(C(=O)O)NC(CCCN=C(N)N)C(=O)O
428,C(CN)CN
429,CC1=CC2=C(C=C1C)N(C3=NC(=O)NC(=O)C3N2)CC(C(C(CO)O)O)O
430,CN1CCCC1C2=C[N+](=CC=C2)C
431,C[N+]1=CCCC1C2=CN=CC=C2
432,CN1CCCC1(C2=CN=CC=C2)O
433,C1CC(=O)N(C1C2=CN=CC=C2)CO
434,CNCCCC(=O)C1=CN=CC=C1
435,C1=CC(=CN=C1)C(=O)CCC(=O)N
436,CNC(=O)CCC(=O)C1=CN=CC=C1
437,C1=CC(=CN=C1)C(=O)CCC(=O)O
438,C1=CC(=CN=C1)C(CCC(=O)O)O
439,C1=CC(=CN=C1)C=CCC(=O)O
440,CC(C)CCCC(C)C1CCC2C1(CCC3C2CCC4=CC(=O)CCC34C)C
441,CC(CC(=O)O)O
442,C(C(C(C(C(=O)C(=O)O)O)O)O)OP(=O)(O)O
443,CC12CCC(=O)CC1CCC3C2CCC4(C3CCC4=O)C
444,CC(C(=O)C1=CC(=CC=C1)Cl)NC(C)(C)C
445,CC(C(C1=CC(=CC=C1)Cl)O)NC(C)(C)C
446,CC(C(=O)C1=CC(=CC=C1)Cl)NC(C)(C)CO
447,C1=CC(=CC(=C1)Cl)C(=O)O
448,C1=CC(=CC(=C1)Cl)C(=O)NCC(=O)O
449,CC(CCO)(CC(=O)O)O
450,CC12CCC3C(C1CCC2O)CCC4=C3C=CC(=C4)O
451,CC1C(C(C(C(O1)OP(=O)(O)OP(=O)(O)OCC2C(C(C(O2)N3C=NC4=C3NC(=NC4=O)N)O)O)O)O)O
452,C1(C(C(C(=O)C(C1O)O)O)O)O
453,C(C(C(C(C(CO)O)O)O)O)O
454,CCCCCCCC=O
455,CC(C(=O)C1=NC2C(NC1)N=C(NC2=O)N)O
456,C(=O)(C(=O)O)NC(=O)N
457,C[N+]1=CC=CC(=C1)C(=O)N
458,C[S+](C)CCC(C(=O)O)N
459,C(C1C(=C(C2C(O1)NC3=C(N2)C(=O)N=C(N3)N)S)S)OP(=O)(O)O
460,COC1=CC=CC=C1O
461,CCCCCCCCCCCCCCCC(=O)OC(CC(=O)[O-])C[N+](C)(C)C
462,CCCCCCCCCCCCCCCC(=O)OC(CC(=O)O)C[N+](C)(C)C
463,C(CC(C(=O)O)NC(=O)CCC(=O)O)CN=C(N)N
464,C1=CC=C(C=C1)C(=O)NCC(=O)O
465,CSCC1C(C(C(O1)OP(=O)(O)O)O)O
466,C(C1C(C(C(C(O1)OP(=O)(O)O)O)O)O)O
467,CC(=CCCC(=CCCC(=CCCC(=CC1C(C1(C)CCC=C(C)CCC=C(C)CCC=C(C)C)COP(=O)(O)OP(=O)(O)O)C)C)C)C
468,CC(=CCCC(=CCCC(=CC1C(C1(C)CCC=C(C)CCC=C(C)C)COP(=O)(O)OP(=O)(O)O)C)C)C
469,C(CC(C(=O)O)N)CC(=O)O
470,C(CN)C(C(=O)O)N
471,C1=CC(=C(C=C1C2C(C(=O)C3=C(C=C(C=C3O2)O)O)O)O)O
472,C1=CC=C(C(=C1)C(=O)CC(=O)C(=O)O)N
473,CSCCC(=O)C(=O)O
474,CN(C)OP(=O)(O)OCC1C(C(C(O1)N2C=NC3=C(N=CN=C32)N)O)O
475,CC1C(C(C(C(O1)OP(=O)(O)O)O)O)O
476,CC(CCOP(=O)(O)O)(CC(=O)O)O
477,C1(C(C(C(C(C1OP(=O)(O)O)OP(=O)(O)O)O)OP(=O)(O)O)OP(=O)(O)O)O
478,C1(C(C(C(C(C1OP(=O)(O)O)OP(=O)(O)O)OP(=O)(O)O)O)OP(=O)(O)O)O
479,CC(C)(CO)C(C(=O)NCCC(=O)NCCS)O
480,C1=CC(=C(C=C1C2=C(C(=C3C(=CC(=O)C=C3O2)O)O)O)O)O
481,C(C(C(C(C(=O)COP(=O)(O)O)O)O)O)O
482,C1(C(C(C(C(C1OP(=O)(O)O)OP(=O)(O)O)OP(=O)(O)O)OP(=O)(O)O)OP(=O)(O)O)O
483,C(C1C(C(C(O1)(CO)OP(=O)(O)O)O)O)OP(=O)(O)O
484,C1=C(NC=N1)N
485,C[N+](C)(C)CCOS(=O)(=O)[O-]
486,C[N+](C)(C)CCOS(=O)(=O)O
487,CC(C(=O)O)C(=O)O
488,C(CC(=O)NC(CSC=O)C(=O)NCC(=O)O)C(C(=O)O)N
489,C(C1C(C(C(C(O1)O)NS(=O)(=O)O)O)O)O
490,C(C=O)P(=O)(O)O
491,[O-]S(=O)(=O)SS(=O)(=O)[O-]
492,OS(=O)(=O)SS(=O)(=O)O
493,C1=NC(=C2C(=N1)N(C=N2)C3C(C(C(O3)COP(=O)(O)OP(=O)(O)OCC4C(C(C(O4)NC(=NCCCC(C(=O)O)N)N)O)O)O)O)N
494,CSCC1C(C(C(O1)O)O)O
495,C(CSCC1C(C(C(O1)O)O)O)C(C(=O)O)N
496,CC(=O)NCCCNCCCCN
497,C1C2C(C(S1)CCCCC(=O)N)NC(=O)N2
498,C1=NC2=C(N1C3C(C(C(O3)COP(=O)(O)OP(=O)(O)OCC4C(=C(C5C(O4)NC6=C(N5)C(=O)N=C(N6)N)S)S)O)O)NC(=NC2=O)N
499,C1CC(=O)NC1C(=O)O
500,C(CC(=O)O)CN=C(N)N
501,CN(C)C(=NCCCC(C(=O)O)N)N
502,C(CCNC(=O)N)CN
503,C(C(=O)NC(=O)N)N
504,C1C(=O)NC=N1
505,C(C1C(C(C(O1)NC2=C(C(=O)NC(=O)N2)N)O)O)OP(=O)(O)O
506,CC1=CC2=C(C=C1C)N=C3C(=NC(=O)NC3=O)N2
507,C1=CN(C(=O)N=C1N)C2C(C(C(O2)COP(=O)(O)OP(=O)(O)OCC(CO)O)O)O
508,C1=NC(=C2C(=N1)N(C=N2)C3C(C(C(O3)COP(=O)(O)OP(=O)(O)OP(=O)(O)OP(=O)(O)O)O)O)N
509,C1=NC2=C(N1C3C(C(C(O3)COP(=O)(O)OP(=O)(O)OP(=O)(O)OP(=O)(O)OCC4C(C(C(O4)N5C=NC6=C5NC(=NC6=O)N)O)O)O)O)NC(=NC2=O)N
510,OP1(=O)OP(=O)(OP(=O)(O1)O)O
511,CC1=C(SC=[N+]1CC2=CN=C(N=C2N)C)CCOP(=O)(O)OP(=O)(O)OP(=O)(O)O
512,C1=CC=C(C=C1)C(=O)CC=CC(=O)C(=O)O
513,CC(C(CC(=O)O)C(=O)O)(C(=O)O)O
514,C1=CC(=C(C(=C1)O)O)C(=O)OP(=O)(O)OCC2C(C(C(O2)N3C=NC4=C(N=CN=C43)N)O)O
515,CC(C(=O)O)C(CC(=O)O)(C(=O)O)O
516,CC(CCOP(=O)(O)OP(=O)(O)O)(CC(=O)O)O
517,CC1=C2C(C(C(=N2)C=C3C(C(C(=CC4=C(C(=C(N4)CC5=C(C(=C1N5)CC(=O)O)CCC(=O)O)CCC(=O)O)CC(=O)O)N3)CCC(=O)O)(C)CC(=O)O)CCC(=O)O)(C)CC(=O)O
518,CC12CC(=O)OC13C(C4=C(C(=C(N4)CC5=C(C(=C(N5)C=C6C(C(C(=CC(=N3)C2CCC(=O)O)N6)(C)CC(=O)O)CCC(=O)O)CC(=O)O)CCC(=O)O)CCC(=O)O)CC(=O)O)(C)O
519,C(C(C(C(=O)COP(=O)(O)O)O)O)C(=O)O
520,CCCCCCCCCCCCCCCC(C(COP(=O)(O)O)N)O
521,CC(CC(=O)SCCNC(=O)CCNC(=O)C(C(C)(C)COP(=O)(O)OP(=O)(O)OCC1C(C(C(O1)N2C=NC3=C(N=CN=C32)N)O)OP(=O)(O)O)O)O
522,CC(=O)C12C3=C(C(C(=N3)CC4=C(C(=C(N4)CC5=C(C(C(=N5)C=C(N1)C(C2(C)CC(=O)O)CCC(=O)O)(C)CC(=O)O)CCC(=O)O)CC(=O)O)CCC(=O)O)(C)CCC(=O)O)CC(=O)O
523,C(CC(=O)C(=O)O)C=O
524,C(C(=O)C(=O)O)(C(=O)O)O
525,C(C(C(=O)O)O)C(=O)O
526,CC(=O)C12C3=C(C(C(=N3)CC4=NC(CC5=C(C(C(=N5)C=C(N1)C(C2(C)CC(=O)O)CCC(=O)O)(C)CC(=O)O)CCC(=O)O)(C(=C4CCC(=O)O)CC(=O)O)C)(C)CCC(=O)O)CC(=O)O
527,CCC=O
528,CC(=O)OCCC(C(=O)O)N
529,C(C(=O)O)OP(=O)(O)O
530,C1C(N(C2=C(N1)NC(=NC2=O)N)C=N)CNC3=CC=C(C=C3)C(=O)NC(CCC(=O)O)C(=O)O
531,CC(CC(=O)SCCNC(=O)CCNC(=O)C(C(C)(C)COP(=O)(O)OP(=O)(O)OCC1C(C(C(O1)N2C=NC3=C(N=CN=C32)N)O)OP(=O)(O)O)O)N
532,CC12CC3=C(C(C(=N3)C=C4C(C(C(N4)(C5=C(C(C(=CC(=N1)C(=C2CC(=O)O)CCC(=O)O)N5)(C)CCC(=O)O)CC(=O)O)C)(C)CC(=O)O)CCC(=O)O)(C)CC(=O)O)CCC(=O)O
533,[SeH2]
534,CC12CC3=C(C(C(=N3)C=C4C(C(C(N4)(C5C(C(C(=CC(=N1)C(=C2CC(=O)O)CCC(=O)O)N5)(C)CCC(=O)O)CC(=O)O)C)(C)CC(=O)O)CCC(=O)O)(C)CC(=O)O)CCC(=O)O
535,C1CC1(C(=O)O)N
536,CC1C2=C(C(=C)C(N2)(CC3=NC(=C(C4=NC(C5C(C(C1=N5)(C)CCC(=O)O)CC(=O)O)(C(C4CCC(=O)O)(C)CC(=O)O)C)C)C(C3CCC(=O)O)(C)CC(=O)O)C)CCC(=O)O
537,CC1C2C(C(C(=N2)CC3=NC(=C(C4=NC(C5C(C(C1=N5)(C)CCC(=O)O)CC(=O)O)(C(C4CCC(=O)O)(C)CC(=O)O)C)C)C(C3CCC(=O)O)(C)CC(=O)O)(C)C)CCC(=O)O
538,CC1C2C(C(C(=N2)CC3=NC(=C(C4=NC(C5C(C(C1=N5)(C)CCC(=O)O)CC(=O)O)(C(C4CCC(=O)O)(C)CC(=O)N)C)C)C(C3CCC(=O)O)(C)CC(=O)N)(C)C)CCC(=O)O
539,CC1C2C(C(C(=N2)CC3=NC(=C(C4=NC(C5C(C(C1=N5)(C)CCC(=O)O)CC(=O)O)(C(C4CCC(=O)O)(C)CC(=O)N)C)C)C(C3CCC(=O)O)(C)CC(=O)N)(C)C)CCC(=O)O.[Co]
540,C(#N)O
541,C1=CC(=CC=C1C=O)[N+](=O)[O-]
542,C1=CC(=O)OC1CC(=O)O
543,C1=CC(OC1=O)(CC(=O)O)C(=O)O
544,[O-][As]([O-])[O-]
545,O[As](O)O
546,C(C(=O)O)P(=O)(O)O
547,C1=CC(=C(C=C1CC(=O)O)O)O
548,C(C(=CO)C=CC(=O)C(=O)O)C(=O)O
549,C(C(=C(O)O)C=CC(=O)C(=O)O)C(=O)O
550,C(C(C=CC(=O)C(=O)O)C(=O)O)C(=O)O
551,C(C=CC=C(C(=O)O)O)C(=O)O
552,C1C(NC2=C(N1)NC(=NC2=O)N)CNC3=CC=C(C=C3)CC(C(C(COC4C(C(C(O4)COP(=O)(O)OC(CCC(=O)O)(C=O)NC(CC(=O)O)C=O)O)O)O)O)O
553,C(CC(=O)O)C(CC(=O)C(=O)O)O
554,C[N+]1(CCCC1C(=O)[O-])C
555,C[N+]1(CCCC1C(=O)O)C
556,C(CC(C(=O)O)NC(=O)CCC(=O)O)C=O
557,CN1CCCC1C(=O)O
558,C(CC(=O)C(=O)O)CN=C(N)N
559,C(CC=O)CN=C(N)N
560,C(C(C(C(=O)CO)O)O)C(=O)O
561,CSCCC(=O)C(=O)COP(=O)(O)O
562,CSCCC(=O)C(=CO)O
563,CSCCC(=O)O
564,C(CCC(=O)O)CCN
565,CN1C(CNC2=C1C(=O)N=C(N2)N)CNC3=CC=C(C=C3)CC(C(C(COC4C(C(C(O4)COP(=O)(O)OC(CCC(=O)O)(C=O)NC(CC(=O)O)C=O)O)O)O)O)O
566,CC(=O)O.C1=CC=C(C=C1)[Hg]
567,C1=CC=C(C=C1)[Hg]
568,C1=CC=C2C(=C1)C3=CC=CC=C3O2
569,C1=CC=C(C(=C1)C2=C(C(=CC=C2)O)O)O
570,C1=CC=C(C=C1)C(=CC=CC(=O)C(=O)O)O
571,C(CCC(=O)N)CC(CCS)SC(=O)CCC(=O)O
572,C(CN(C=O)O)CP(=O)(O)O
573,CC1=C(C(CCC1)(C)C)C=CC(=CC=CC(=CC=CC=C(C)C=CC=C(C)C=CC2=C(CCCC2(C)C)C)C)C
574,C1=CC(=C(C=C1C2=C(C(=C3C(=CC(=O)C=C3O2)O)O)OC4C(C(C(C(O4)CO)O)O)O)O)O
575,C1=CC(=CC=C1C2=C(C(=C3C(=CC(=O)C=C3O2)O)O)OC4C(C(C(C(O4)CO)O)O)O)O
576,C1=CC(=CC=C1C2=C(C(=C3C(=CC(=O)C=C3O2)O)O)O)O
577,C(C1C(C(C(C(O1)OC2C(C(C(C(C2O)O)O)O)O)[NH3+])O)O)O
578,C(C1C(C(C(C(O1)OC2C(C(C(C(C2O)O)O)O)O)N)O)O)O
579,CC(=O)NC1C(C(C(OC1OC2C(C(C(C(C2O)O)O)O)O)CO)O)O
580,CC(=O)NC(CS)C(=O)NC1C(C(C(OC1OC2C(C(C(C(C2O)O)O)O)O)CO)O)O
581,CC(=O)NC(CS)C(=O)O
582,CC(=O)NC(CSSCC(C(=O)NC1C(C(C(OC1OC2C(C(C(C(C2O)O)O)O)O)CO)O)O)NC(=O)C)C(=O)NC3C(C(C(OC3OC4C(C(C(C(C4O)O)O)O)O)CO)O)O
583,CN1C(CCC1=O)C2=C[N+](=CC=C2)C
584,C1=CC=C2C(=C1)C=CC(O2)(C(=O)O)O
585,C1=CC=C(C(=C1)C=CC(=O)C(=O)O)O
586,CN(CC(=O)O)C(=N)N
587,CN(CC(=O)O)C(=NP(=O)(O)O)N
588,CN1CC(=O)N=C1N
589,C[N+](C)(C)CC=CC(=O)[O-]
590,C[N+](C)(C)CC=CC(=O)O
591,CC(C)(COP(=O)(O)OP(=O)(O)OCC1C(C(C(O1)N2C=NC3=C(N=CN=C32)N)O)OP(=O)(O)O)C(C(=O)NCCC(=O)NCCSC(=O)C=CC[N+](C)(C)C)O
592,CC=CC(=O)SCCNC(=O)CCNC(=O)C(C(C)(C)COP(=O)(O)OP(=O)(O)OCC1C(C(C(O1)N2C=NC3=C(N=CN=C32)N)O)OP(=O)(O)O)O
593,C1=CN(C(=O)N=C1N)C2C(C(C(O2)COP(=O)(O)OP(=O)(O)OP(=O)(O)O)O)O
594,C(C(C(=O)O)N)S
595,C(C(C(=O)O)N)SSCC(C(=O)O)N
596,C1=CN(C(=O)N=C1N)C2C(C(C(O2)CO)O)O
597,C1=C(NC(=O)N=C1)N
598,C(CS(=O)(=O)O)S
599,C(C(C(=O)O)O)C(=O)C(=O)O
600,C(C1C(C(C(C(=O)O1)O)O)O)OP(=O)(O)O
601,CC(C(=O)NC(C)C(=O)O)N
602,CC(C(=O)O)N
603,C(C(C(C(C(=O)CO)O)O)O)OP(=O)(O)O
604,C(C(C(C(C(C(=O)O)O)O)O)O)O
605,CC(C)(COP(=O)(O)OP(=O)(O)OCC1C(C(C(O1)N2C=NC3=C(N=CN=C32)N)O)OP(=O)(O)O)C(C(=O)NCCC(=O)NCCSC(=O)CC(C[N+](C)(C)C)O)O
606,C1=C(NC=N1)C(C(COP(=O)(O)O)O)O
607,C(C(C(C(=O)O)O)O)(C(C(=O)O)O)O
608,C(C(C1C(C(C(=O)O1)O)O)O)O
609,C(C1C(C(C(C(O1)O)N)O)O)OP(=O)(O)O
610,C1(C(C(OC(C1O)O)C(=O)O)O)O
611,C(CC(=O)O)C(C(=O)O)N
612,CC(C(=O)O)O
613,CC(C(=O)O)C(=O)SCCNC(=O)CCNC(=O)C(C(C)(C)COP(=O)(O)OP(=O)(O)OCC1C(C(C(O1)N2C=NC3=C(N=CN=C32)N)O)OP(=O)(O)O)O
614,C1CC(NC1)C(=O)O
615,C(C(C(C(=O)COP(=O)(O)O)O)O)O
616,C(C(C(C(C(C(=O)CO)O)O)O)O)OP(=O)(O)O
617,C(C(C(=O)O)N)O
618,C(C(C(C(C(COP(=O)(O)O)O)O)O)O)O
619,C(C(C(C(=O)CO)O)O)O
620,C1C(C(OC1N2C=NC3=C(N=CN=C32)N)COP(=O)(O)OP(=O)(O)O)O
621,C1C(C(OC1N2C=NC3=C(N=CN=C32)N)COP(=O)(O)O)O
622,C1C(C(OC1N2C=NC3=C(N=CN=C32)N)COP(=O)(O)OP(=O)(O)OP(=O)(O)O)O
623,C1C(C(OC1N2C=CC(=NC2=O)N)COP(=O)(O)OP(=O)(O)O)O
624,C1C(C(OC1N2C=CC(=NC2=O)N)COP(=O)(O)O)O
625,C1C(C(OC1N2C=CC(=NC2=O)N)COP(=O)(O)OP(=O)(O)OP(=O)(O)O)O
626,C(C(C(C(CO)O)O)O)C(=O)O
627,C(C(C(C(=O)CC(=O)O)O)O)O
628,C1=CC(=C[N+](=C1)C2C(C(C(O2)COP(=O)(O)OP(=O)(O)OCC3C(C(C(O3)N4C=NC5=C(N=CN=C54)N)O)O)O)O)C(=O)O
629,CN(CCC(CC(=O)NC1C=CC(OC1C(=O)O)N2C=CC(=O)NC2=O)N)C(=N)N
630,C1C(C(C(=O)CC1(C(=O)O)O)O)O
631,CCCCCCCCCCCCCCCC(=O)C(CO)N
632,C1CC(N=C(C1)C(=O)O)C(=O)O
633,CC(=CCCC(=CCCC(=CCCC(=CCCC(=CCCC(=CCCC(=CCCC(=CCC1=CC(=O)C2=CC=CC=C2C1=O)C)C)C)C)C)C)C)C
634,C1C(C(OC1OP(=O)(O)O)CO)O
635,C1C(C(OC1O)COP(=O)(O)O)O
636,C1C(C(OC1N2C=NC3=C(N=CN=C32)N)CO)O
637,C1C(C(OC1N2C=CC(=NC2=O)N)CO)O
638,C1C(C(OC1N2C=NC3=C2NC(=NC3=O)N)CO)O
639,C1C(C(OC1N2C=NC3=C2NC=NC3=O)CO)O
640,C1C(C(OC1N2C=CC(=O)NC2=O)CO)O
641,CC(=O)C(C(COP(=O)(O)O)O)O
642,CC(C)(COP(=O)(O)OP(=O)(O)OCC1C(C(C(O1)N2C=NC3=C(N=CN=C32)N)O)O)C(C(=O)NCCC(=O)NCCS)O
643,CC1C(NC(=O)N1)CCCCCC(=O)O
644,C1C(C(OC1N2C=NC3=C2NC(=NC3=O)N)COP(=O)(O)OP(=O)(O)O)O
645,C1C(C(OC1N2C=NC3=C2NC(=NC3=O)N)COP(=O)(O)O)O
646,C1C(C(OC1N2C=NC3=C2NC(=NC3=O)N)COP(=O)(O)OP(=O)(O)OP(=O)(O)O)O
647,CC(=CCOP(=O)(O)OP(=O)(O)O)C
648,C1C(NC(=O)NC1=O)C(=O)O
649,C1CNC(=O)NC1=O
650,CC(=O)C(=O)C
651,C(C1C(C(C(O1)NC2=C(C(=O)N=C(N2)N)N)O)O)OP(=O)(O)O
652,CC(C(CCCCCC(=O)O)N)N
653,C1=CC=C2C(=C1)C(=O)C(=C(O2)O)CC3=C(OC4=CC=CC=C4C3=O)O
654,CCOP(=O)(O)OCC
655,CCOP(=S)(O)OCC
656,CCCCCCCCCC(CCCCCCCCCCCC(=O)O)OC1C(C(C(C(O1)CO)O)O)OC2C(C(C(C(O2)CO)O)O)O
657,CCCCCCCCCC(CCCCCCCCCCCC(=O)O)OC1C(C(C(C(O1)CO)O)O)OC2C(C(C(C(O2)COC(=O)C)O)O)O
658,CCCCCCCCCC(CCCCCCCCCCCC(=O)O)OC1C(C(C(C(O1)COC(=O)C)O)O)OC2C(C(C(C(O2)COC(=O)C)O)O)O
659,C1C(=NC2=C(N1)NC(=NC2=O)N)C(C(CO)O)O
660,C1CC(=O)OC2=CC=CC=C21
661,C1C(=NC2=C(N1)NC(=NC2=O)N)CNC3=CC=C(C=C3)C(=O)NC(CCC(=O)O)C(=O)O
662,C1=CC(=CC=C1C2C(C(=O)C3=C(C=C(C=C3O2)O)O)O)O
663,C(CCC(=O)N)CC(CCS)S
664,C1C(=NC2=C(N1)NC(=NC2=O)N)C(C(COP(=O)(O)O)O)O
665,C1C(=NC2=C(N1)NC(=NC2=O)N)C(C(COP(=O)(O)OP(=O)(O)OP(=O)(O)O)O)O
666,C1C(=NC2=C(N1)NC(=NC2=O)N)COP(=O)(O)OP(=O)(O)O
667,CC1(C2CC3=C(C(=C(N3)CC4=C(C(=C(N4)C=C5C(C(C(=CC(=N2)C1CCC(=O)O)N5)(C)CC(=O)O)CCC(=O)O)CC(=O)O)CCC(=O)O)CCC(=O)O)CC(=O)O)CC(=O)O
668,C(C(=O)COP(=O)(O)O)O
669,CC(=O)C(COP(=O)(O)O)O
670,C(C(=O)CO)O
671,C1=CC=C2C(=C1)C(=CC(=C2O)C(=O)O)O
672,CC1=C(N(C2=NC(=O)NC(=O)C2=N1)CC(C(C(CO)O)O)O)C
673,CN(C)CC(=O)O
674,CNC
675,CC1=CC2=C(C=C1C)N=CN2
676,C1C(C(OC1N2C=NC3=C2NC=NC3=O)COP(=O)(O)O)O
677,CC(C)(C(C(=O)O)O)O
678,C1C(C(OC1N2C=NC3=C2NC=NC3=O)COP(=O)(O)OP(=O)(O)OP(=O)(O)O)O
679,CS(=O)C
680,CCC(=CCCCC(C)CCOP(=O)(O)O)C
681,C1=CC(=C(C=C1CCN)O)O
682,C1=CC(=O)C(=O)C=C1CC(C(=O)O)N
683,C(C(C(=O)OP(=O)(O)O)O)OP(=O)(O)O
684,CC1=CN(C(=O)NC1=O)C2CC(C(O2)COP(=O)(O)OP(=O)(O)OC3C(C(C(C(O3)CO)O)O)O)O
685,CC1C(=O)C(C(C(O1)OP(=O)(O)OP(=O)(O)OCC2C(CC(O2)N3C=C(C(=O)NC3=O)C)O)O)O
686,CC1C(C(C(C(O1)OP(=O)(O)OP(=O)(O)OCC2C(CC(O2)N3C=C(C(=O)NC3=O)C)O)O)O)O
687,C1C(C(OC1N2C=CC(=O)NC2=O)COP(=O)(O)OP(=O)(O)O)O
688,C1C(C(OC1N2C=CC(=O)NC2=O)COP(=O)(O)O)O
689,C1C(C(OC1N2C=CC(=O)NC2=O)COP(=O)(O)OP(=O)(O)OP(=O)(O)O)O
690,CC1=NCCC(N1)C(=O)O
691,C1=CC=C(C=C1)C=C(C(=O)O)O
692,C1C(C(=O)OCC(C(=O)OCC(C(=O)O1)NC(=O)C2=C(C(=CC=C2)O)O)NC(=O)C3=C(C(=CC=C3)O)O)NC(=O)C4=C(C(=CC=C4)O)O
693,CC(=CCCC(=CCCC(=CCCC=C(C)CCC=C(C)CCC1C(O1)(C)C)C)C)C
694,C1=CC(=CN=C1)C=NO
695,C(C(C(C(=O)[O-])O)O)OP(=O)(O)O
696,C(C(C(C(=O)O)O)O)OP(=O)(O)O
697,C(C(C(C=O)O)O)OP(=O)(O)O
698,CC12CCC3C(C1CCC2=O)CCC4=C3C=CC(=C4)O
699,CC12CCC3C(C1CCC2=O)CCC4=C3C=CC(=C4)OS(=O)(=O)O
700,C(CO)N
701,CCOC(=O)C(C)C(=O)C
702,CCO
703,CC1=CC2=C(C=C1C)N(C3=NC(=O)NC(=O)C3=N2)CC(C(C(COP(=O)(O)OP(=O)(O)OCC4C(C(C(O4)N5C=NC6=C(N=CN=C65)N)O)O)O)O)O
704,C1=NC(=C2C(=N1)N(C=N2)C3C(C(C(O3)COP(=O)(O)OP(=O)(O)OCC(C(C(CN)O)O)O)O)O)N
705,CC1=CC2=C(C=C1C)N(C3=C(N2)C(=O)NC(=O)N3)CC(C(C(COP(=O)(O)OP(=O)(O)OCC4C(C(C(O4)N5C=NC6=C(N=CN=C65)N)O)O)O)O)O
706,CC(=CCCC(=CCCC(=CCOP(=O)(O)OP(=O)(O)O)C)C)C
707,CC(=CCCC(=CCCC(=CCCC(=CCCC(=CCCC(=CCCC(=CCCC(=CCO)C)C)C)C)C)C)C)C
708,CC(=CCCC(=CCCC(=CCCC(=CCCC(=CCCC(=CCCC(=CCCC(=CCOP(=O)(O)OP(=O)(O)O)C)C)C)C)C)C)C)C
709,COC1=C(C=CC(=C1)C=CC(=O)O)O
710,CC1=CC2=C(C=C1C)N(C3=NC(=O)NC(=O)C3=N2)CC(C(C(COP(=O)(O)O)O)O)O
711,CC1=CC2=C(C=C1C)N(C3=C(N2)C(=O)NC(=O)N3)CC(C(C(COP(=O)(O)O)O)O)O
712,C=O
713,C(=O)N
714,CC(C)(COP(=O)(O)OP(=O)(O)OCC1C(C(C(O1)N2C=NC3=C(N=CN=C32)N)O)OP(=O)(O)O)C(C(=O)NCCC(=O)NCCSC=O)O
715,C1=CC(=CC=C1CCNC(=O)CCC(C(=O)O)NC(=O)CCC(C(=O)O)NC(=O)CCC(C(CCC(=O)O)C(=O)O)C(=O)O)OCC2=COC(=C2)CNC=O
716,C(C1C(C(C(O1)(CO)O)O)O)O
717,C(C1C(C(C(O1)(COP(=O)(O)O)O)O)O)O
718,C(C1C(C(C(O1)(COP(=O)(O)O)O)O)O)OP(=O)(O)O
719,C(C1C(C(C(O1)(CO)O)O)O)OP(=O)(O)O
720,C(CCNC1C(=O)C(C(C(O1)CO)O)O)CC(C(=O)O)N
721,C(CCNC1C(=O)C(C(C(O1)COP(=O)(O)O)O)O)CC(C(=O)O)N
722,C(C1C(C(C(O1)(C(=O)O)O)O)O)O
723,C(=CC(=O)O)C(=O)O
724,C(C(C(=O)O)O)OP(=O)(O)O
725,C[N+](C)(C)CCCC(=O)[O-]
726,CC(C)(COP(=O)(O)OP(=O)(O)OCC1C(C(C(O1)N2C=NC3=C(N=CN=C32)N)O)OP(=O)(O)O)C(C(=O)NCCC(=O)NCCSC(=O)CCC[N+](C)(C)C)O
727,C1(C(C(C(C(C1Cl)Cl)Cl)Cl)Cl)Cl
728,C1=C(C(C(C(C1Cl)Cl)Cl)Cl)Cl
729,C(C(C=O)O)OP(=O)(O)O
730,C1=NC2=C(N1C3C(C(C(O3)COP(=O)(O)OP(=O)(O)O)O)O)NC(=NC2=O)N
731,CC1C(=O)C(C(C(O1)OP(=O)(O)OP(=O)(O)OCC2C(C(C(O2)N3C=NC4=C3NC(=NC4=O)N)O)O)O)O
732,C1=NC2=C(N1C3C(C(C(O3)COP(=O)(O)OP(=O)(O)OC4C(C(C(C(O4)CO)O)O)O)O)O)NC(=NC2=O)N
733,C1=NC2=C(N1C3C(C(C(O3)COP(=O)(O)OP(=O)(O)OP(=O)(O)O)OP(=O)(O)OP(=O)(O)O)O)NC(=NC2=O)N
734,CC(=CCCC(=CCOP(=O)(O)OP(=O)(O)O)C)C
735,CC(=CCCC(=CCCC(=CCCC(=CCOP(=O)(O)OP(=O)(O)O)C)C)C)C
736,C(C1C(C(C(C(=O)O1)O)O)O)O
737,C(C1C(C(C(C(O1)OP(=O)(O)O)O)O)O)OP(=O)(O)O
738,C(CC(=O)N)C(C(=O)O)N
739,C(C1C(C(C(C(O1)O)N)O)O)O
740,C(C1C(C(C(C(O1)OP(=O)(O)O)N)O)O)O
741,CC(C)(COP(=O)(O)OP(=O)(O)OCC1C(C(C(O1)N2C=NC3=C(N=CN=C32)N)O)OP(=O)(O)O)C(C(=O)NCCC(=O)NCCSC(=O)C=CCC(=O)O)O
742,C(CC(=O)O)C(C=O)N
743,C(CC(=O)O)CC(=O)O
744,CC(C)(COP(=O)(O)OP(=O)(O)OCC1C(C(C(O1)N2C=NC3=C(N=CN=C32)N)O)OP(=O)(O)O)C(C(=O)NCCC(=O)NCCSC(=O)CCCC(=O)O)O
745,C(CC(=O)NC(CS)C(=O)NCC(=O)O)C(C(=O)O)N
746,C(CC(=O)NC(CSS)C(=O)NCC(=O)O)C(C(=O)O)N
747,C(CC(=O)NC(CSS(=O)(=O)[O-])C(=O)NCC(=O)O)C(C(=O)O)N
748,C(CC(=O)NC(CSS(=O)(=O)O)C(=O)NCC(=O)O)C(C(=O)O)N
749,C(CCNCCCNC(=O)CNC(=O)C(CS)NC(=O)CCC(C(=O)O)N)CN
750,C(C(=O)O)N
751,C(C(C=O)O)O
752,C(C(C(=O)O)O)O
753,C(C(CO)O)O
754,C(C(COP(=O)(O)O)O)O
755,CC(CCC(=O)NCC(=O)O)C1CCC2C1(C(CC3C2C(CC4C3(CCC(C4)O)C)O)O)C
756,C(C=O)O
757,C(C(=O)O)O
758,CC(=O)NC1C(C(C(OC1NC(=O)CC(C(=O)N)NC(=O)C)CO)OC2C(C(C(C(O2)CO)OC3C(C(C(C(O3)CO)OC4C(C(C(C(O4)COP(=O)(O)OC5C(C(C(C(O5)CO)O)O)NC(=O)C)O)O)O)O)O)O)NC(=O)C)O
759,CC(=O)NC1C(C(C(OC1NC(=O)CC(C(=O)N)NC(=O)C)CO)OC2C(C(C(C(O2)CO)OC3C(C(C(C(O3)CO)OC4C(C(C(C(O4)COP(=O)(O)O)O)O)O)O)O)O)NC(=O)C)O
760,C(=O)C(=O)O
761,C1=NC2=C(N1C3C(C(C(O3)COP(=O)(O)O)O)O)NC(=NC2=O)N
762,C1=NC2=C(N1C3C(C(C(O3)COP(=O)(O)OP(=O)(O)OP(=O)(O)O)O)O)NC(=NC2=O)N
763,C(C(=O)O)N=C(N)N
764,C1=NC2=C(N1)C(=O)N=C(N2)N
765,C1=NC2=C(N1C3C(C(C(O3)CO)O)O)NC(=NC2=O)N
766,C1=NC2=C(N1C3C(C(C(O3)COP(=O)(O)OP(=O)(O)O)OP(=O)(O)OP(=O)(O)O)O)NC(=NC2=O)N
767,C(=O)(O)O
768,C#N
769,C(=O)(O)[O-]
770,CC1C2C=C3C(C(C([N-]3)C=C4C(C(C(=CC5=C(C(C(=CC(C1C(CCC=C(C)CCC=C(C)CCC=C(C)C)O)[N-]2)[N-]5)C)C=C)[N-]4)C)CCC(=O)O)CCC(=O)O)C.[Fe]
771,CC1C2C=C3C(C(C(N3)C=C4C(C(C(=CC5=C(C(C(=CC(C1C(CCC=C(C)CCC=C(C)CCC=C(C)C)O)N2)N5)C)C=C)N4)C)CCC(=O)O)CCC(=O)O)C
772,CC(=O)NC1C(C(C(OC1O)COS(=O)(=O)O)OC2C(C(C(C(O2)C(=O)O)OC3C(C(C(C(O3)CO)OC4C(C(C(C(O4)C(=O)O)O)O)OS(=O)(=O)O)OS(=O)(=O)O)NS(=O)(=O)O)O)OS(=O)(=O)O)O
773,C1=C(NC=N1)CC(C(=O)O)N
774,C1=C(NC=N1)CCN
775,C1=C(NC=N1)CC(C=O)N
776,C1=C(NC=N1)CC(CO)N
777,CC1=NC=C(C(=N1)N)CO
778,C(CS)C(C(=O)O)N
779,C(CO)C(C(=O)O)N
780,C1=CC(=C(C=C1O)CC(=O)O)O
781,C(#N)S
782,C(CC(=O)O)C1C(=O)NC(=O)N1
783,[HH]
784,OO
785,C1=CC(=CC=C1O)O
786,CC(=CCOP(=O)(O)OP(=O)(O)O)CO
787,NO
788,C1=C(C(=C(N1)CC2=C(C(=C(N2)CC3=C(C(=C(N3)CC4=C(C(=C(N4)CO)CC(=O)O)CCC(=O)O)CC(=O)O)CCC(=O)O)CC(=O)O)CCC(=O)O)CC(=O)O)CCC(=O)O
789,C(CS(=O)=O)N
790,C1=NC2=C(N1)C(=O)N=CN2
791,CCC(C)C(C(=O)O)N
792,C1=C(NC=N1)CC(=O)COP(=O)(O)O
793,C1=C(NC=N1)CC(C(=O)O)O
794,C1=C(NC=N1)CC(=O)C(=O)O
795,C1=CN=CN1
796,C(C(=N)C(=O)O)C(=O)O
797,C1=NC(=O)C2=C(N1)N(C=N2)C3C(C(C(O3)COP(=O)(O)O)O)O
798,C1=CC=C2C(=C1)C=CN2
799,C1=CC=C2C(=C1)C(=CN2)C(C(COP(=O)(O)O)O)O
800,C1=CC=C2C(=C1)C(=CN2)CC=O
801,C1=CC=C2C(=C1)C(=CN2)CC(=O)[O-]
802,C1=CC=C2C(=C1)C(=CN2)CC(=O)O
803,C1=CC=C2C(=C1)C(=CN2)CC(=O)C(=O)O
804,C1=NC(=O)C2=C(N1)N(C=N2)C3C(C(C(O3)CO)O)O
805,C1(C(C(C(C(C1OP(=O)(O)O)O)O)OP(=O)(O)O)O)O
806,C1(C(C(C(C(C1OP(=O)(O)O)O)OP(=O)(O)O)OP(=O)(O)O)O)O
807,II
808,CC(C)C(=O)SCCNC(=O)CCNC(=O)C(C(C)(C)COP(=O)(O)OP(=O)(O)OCC1C(C(C(O1)N2C=NC3=C(N=CN=C32)N)O)OP(=O)(O)O)O
809,C=C(C(=O)O)OC1C=CC=C(C1O)C(=O)O
810,CC(C)CC(=O)SCCNC(=O)CCNC(=O)C(C(C)(C)COP(=O)(O)OP(=O)(O)OCC1C(C(C(O1)N2C=NC3=C(N=CN=C32)N)O)OP(=O)(O)O)O
811,C=C(CC(=O)O)C(=O)O
812,C1=NC(=O)C2=C(N1)N(C=N2)C3C(C(C(O3)COP(=O)(O)OP(=O)(O)OP(=O)(O)O)O)O
813,[K+]
814,[KH]
815,C1C(C(C(C(C1N)OC2C(C(C(C(O2)CN)O)O)O)O)OC3C(C(C(C(O3)CO)O)N)O)N
816,C1C(C(C(C(C1N)OC2C(C(C(C(O2)CO)O)N)O)O)OC3C(C(C(C(O3)CN)O)O)N)N
817,C(C(C(C(C(CO)O)O)O)O)C(=O)C(=O)O
818,C(C(C(C(C(COP(=O)(O)O)O)O)O)O)C(=O)C(=O)O
819,CCCCCCCCCCCC(CC(=O)NC1C(C(C(OC1OP(=O)(O)O)COC2C(C(C(C(O2)COC3(CC(C(C(O3)C(CO)O)O)O)C(=O)O)OP(=O)(O)O)OC(=O)CC(CCCCCCCCCCC)O)NC(=O)CC(CCCCCCCCCCC)O)O)OC(=O)CC(CCCCCCCCCCC)O)O
820,CCCCCCCCCCCC(CC(=O)NC1C(C(C(OC1OP(=O)(O)O)COC2C(C(C(C(O2)COC3(CC(C(C(O3)C(CO)O)O)OC4(CC(C(C(O4)C(CO)O)O)O)C(=O)O)C(=O)O)OP(=O)(O)O)OC(=O)CC(CCCCCCCCCCC)O)NC(=O)CC(CCCCCCCCCCC)OC(=O)CCCCCCCCCCC)O)OC(=O)CC(CCCCCCCCCCC)O)O
821,CCCCCCCCCCCCCC(=O)OC(CCCCCCCCCCC)CC(=O)OC1C(C(OC(C1OP(=O)(O)O)COC2(CC(C(C(O2)C(CO)O)O)OC3(CC(C(C(O3)C(CO)O)O)O)C(=O)O)C(=O)O)OCC4C(C(C(C(O4)OP(=O)(O)OP(=O)(O)O)NC(=O)CC(CCCCCCCCCCC)O)OC(=O)CC(CCCCCCCCCCC)O)O)NC(=O)CC(CCCCCCCCCCC)OC(=O)CCCCCCCCCCC
822,CCCCCCCCCCCC(CC(=O)NC1C(C(C(OC1OP(=O)(O)O)COC2C(C(C(C(O2)COC3(CC(C(C(O3)C(CO)O)OC4(CC(C(C(O4)C(CO)O)O)O)C(=O)O)O)C(=O)O)OP(=O)(O)O)OC(=O)CC(CCCCCCCCCCC)O)NC(=O)CC(CCCCCCCCCCC)O)O)OC(=O)CC(CCCCCCCCCCC)O)O
823,C[N+](C)(C)CCOP(=O)(O)OCC(CO)O
824,CCCC(C(=O)O)N
825,C1C(CNC1C(=O)O)O
826,CC(C(=O)NC(CCC(=O)NC(CCCC(C(=O)O)N)C(=O)O)C(=O)O)N
827,C(C(C(C(CO)O)O)O)O
828,C(CC(C(=O)O)N)CN=C(N)NC(CC(=O)O)C(=O)O
829,C(C=O)C(C(=O)O)N
830,C(C(C(=O)O)N)OC(=O)C=[N+]=[N-]
831,C(C(C(=O)O)N)OC(=C[N+]#N)O
832,C(C(C(=O)O)N)C(=O)OP(=O)(O)O
833,C(CC(C(=O)O)N)CNC(=O)N
834,C(CSCC(C(=O)O)N)C(C(=O)O)N
835,C(C(C1C(=O)C(=O)C(=O)O1)O)O
836,C1=CC(=C(C=C1CC(C(=O)O)N)O)O
837,C1C2=CC(NC2=CC(=O)C1=O)C(=O)O
838,CNCC(C1=CC(=C(C=C1)O)O)O
839,C(C(C(=O)O)N)C(C(=O)O)O
840,CC1C(C(C(C(O1)O)O)O)O
841,CC(C(C(C(=O)CO)O)O)O
842,C(CC(=O)NC(CS)C(=O)O)C(C(=O)O)N
843,C(CC(=O)OP(=O)(O)O)C(C(=O)O)N
844,C(CC(C(=O)O)N)C=O
845,C1=C(NC=N1)CC(COP(=O)(O)O)N
846,C1=CC=C(C(=C1)C(=O)CC(C(=O)O)N)N
847,CS(=O)CCC(C(=O)O)N
848,CC(C)(CO)C(C(=O)O)O
849,C1CCNC(C1)C(=O)O
850,C(C(C(C(=O)CO)O)O)OP(=O)(O)O
851,C(C(C(=O)O)N)[SeH]
852,CC(C(C(=O)O)N)C(=O)O
853,C1=C(C=C(C(=C1I)OC2=CC(=C(C(=C2)I)O)I)I)CC(C(=O)O)N
854,C(C(C(C(C=O)O)O)O)O
855,CC(C=O)O
856,CC(CCC=C(C)C)C1CCC2(C1(CCC3=C2CCC4C3(CCC(C4(C)C)O)C)C)C
857,CC(C)CC(C(=O)O)N
858,C1C=CCC(=CC=CC2C(O2)CCCC=O)C=C1
859,CCCCCC=CCC=CC=CC=CC(C(CCCC(=O)O)O)SCC(C(=O)NCC(=O)C)NC(=O)CCC(C(=O)O)N
860,CCC=CCC=CCC=CCCCCCCCC(=O)O
861,C1=CC(=C(C=C1OC2=C(C=C(C=C2I)CC(C(=O)O)N)I)I)O
862,CCCCCCCCCCCC(CC(=O)NC1C(C(C(OC1OP(=O)(O)O)COC2C(C(C(C(O2)CO)OP(=O)(O)O)OC(=O)CC(CCCCCCCCCCC)O)NC(=O)CC(CCCCCCCCCCC)O)O)OC(=O)CC(CCCCCCCCCCC)O)O
863,C1CSSC1CCCCC(=O)N
864,C1CSSC1CCCCC(=O)O
865,C(CC(C(=O)O)N)CC(C(=O)O)N
866,C(CCN)CC(C(=O)O)N
867,C(C(=O)O)C(=O)O
868,C(C=O)C(=O)O
869,CC(C)(COP(=O)(O)OP(=O)(O)OCC1C(C(C(O1)N2C=NC3=C(N=CN=C32)N)O)OP(=O)(O)O)C(C(=O)NCCC(=O)NCCSC(=O)CC(=O)O)O
870,C(C1C(C(C(C(O1)OC2C(OC(C(C2O)O)OC3C(OC(C(C3O)O)OC4C(OC(C(C4O)O)O)CO)CO)CO)O)O)O)O
871,C(C1C(C(C(C(O1)OC2C(OC(C(C2O)O)OC3C(OC(C(C3O)O)O)CO)CO)O)O)O)O
872,C(C1C(C(C(C(O1)OCC2C(C(C(C(O2)O)O)O)O)O)O)O)O
873,C1=CC=C(C(=C1)CCC(=O)O)O
874,CC(=CC(=O)O)C(=O)O
875,C(C(C(=O)O)O)(C(=O)O)O
876,CSCCC(C(=O)O)N
877,CC(=C)C(=O)SCCNC(=O)CCNC(=O)C(C(C)(C)COP(=O)(O)OP(=O)(O)OCC1C(C(C(O1)N2C=NC3=C(N=CN=C32)N)O)OP(=O)(O)O)O
878,CS
879,C1=CC(=CC=C1CCNC(=O)CCC(C(=O)O)NC(=O)CCC(C(=O)O)NC(=O)CCC(C(CCC(=O)O)C(=O)O)C(=O)O)OCC2=COC(=C2)CN
880,CC(=O)C=O
881,[CH3-]
882,CC1C(N(C2=C(N1)NC(=NC2=O)N)C)C(C)NC3=CC=C(C=C3)CC(C(C(COC4C(C(C(O4)COP(=O)([O-])OC(CCC(=O)O)C(=O)O)O)O)O)O)O
883,CC1C(N(C2=C(N1)NC(=NC2=O)N)C)C(C)NC3=CC=C(C=C3)CC(C(C(COC4C(C(C(O4)COP(=O)(O)OC(CCC(=O)O)C(=O)O)O)O)O)O)O
884,C1C2CN(CN2C3=C(N1)NC(=NC3=O)N)C4=CC=C(C=C4)C(=O)NC(CCC(=O)O)C(=O)O
885,CC1C2C(N(CN2C3=C(N1)NC(=NC3=O)N)C4=CC=C(C=C4)CC(C(C(COC5C(C(C(O5)COP(=O)([O-])OC(CCC(=O)O)C(=O)O)O)O)O)O)O)C
886,CC1C2C(N(CN2C3=C(N1)NC(=NC3=O)N)C4=CC=C(C=C4)CC(C(C(COC5C(C(C(O5)COP(=O)(O)OC(CCC(=O)O)C(=O)O)O)O)O)O)O)C
887,CO
888,[Mg+2]
889,[MgH2]
890,C1(C(C(C(C(C1OP(=O)(O)O)OP(=O)(O)O)OP(=O)(O)O)OP(=O)(O)O)OP(=O)(O)O)OP(=O)(O)O
891,COC(=O)C(=CC(=O)O)CC(=O)O
892,C1(C(C(C(C(C1O)O)O)O)O)O
893,CSCCS(=O)(=O)O
894,C1=CC=C(C(=C1)C(=O)O)NC2C(C(C(O2)COP(=O)(O)O)O)O
895,C(CCC(=O)NCCCCCC(=O)O)CCN
896,CC(=O)NCCC1=CNC2=C1C=C(C=C2)OC
897,CC(=O)NC1C(C(C(OC1N)CO)O)O
898,CC(=O)NC1C(C(C(OC1O)COP(=O)(O)O)O)O
899,CC(=O)NC1C(C(C(OC1O)CO)O)O
900,CC(=O)NC1C(C(C(OC1OP(=O)(O)O)CO)O)O
901,CC(=O)NC(CCC(=O)OP(=O)(O)O)C(=O)O
902,CC(=O)NCCC(C(=O)O)N
903,CC(=O)NCCC1=CNC2=C1C=C(C=C2)O
904,CC(=O)NC1=CC=CC=C1
905,CC(=O)NC(CCC=O)C(=O)O
906,CC(=O)NC1C(CC(OC1C(C(CO)O)O)(C(=O)O)O)O
907,CC(=O)NC(CCCN)C(=O)O
908,C(C(=O)O)N=CN
909,C(CC(=O)O)C(C(=O)O)N=CN
910,C1=CC=C(C(=C1)C(=O)CC(C(=O)O)N)NC=O
911,CSCCC(C(=O)O)NC=O
912,CNCCC1=CN=CN1
913,CNCC(C1=CC=CC=C1)O
914,CNC(CC1=CNC2=CC=CC=C21)C(=O)O
915,C(CC(C(=O)O)NC(=O)CCC(=O)O)CC(=O)C(=O)O
916,CC(=O)NCCCNCCCCNCCCN
917,CN1CNC2=C(C1N)NC=N2
918,C(CC(=O)O)C(C(=O)O)NC(=O)CCC(=O)O
919,C(CC(C(=O)O)NC(=O)CCC(=O)O)CO
920,C(CC(C(=O)O)NC(=O)CCC(=O)O)CN
921,CN1C(CCNC1=O)N
922,CNC(=O)CCC(C(=O)O)N
923,[Na+]
924,[NaH]
925,C1=CC(=C[N+](=C1)C2C(C(C(O2)COP(=O)([O-])OP(=O)(O)OCC3C(C(C(O3)N4C=NC5=C(N=CN=C54)N)O)O)O)O)C(=O)N
926,C1=CC(=C[N+](=C1)C2C(C(C(O2)COP(=O)(O)OP(=O)(O)OCC3C(C(C(O3)N4C=NC5=C(N=CN=C54)N)O)O)O)O)C(=O)N
927,C1C(C(C(O1)COP(=O)(O)OP(=O)(O)OCC2C(C(C(O2)N3C=NC4=C(N=CN=C43)N)O)O)O)O
928,C1C=CN(C=C1C(=O)N)C2C(C(C(O2)COP(=O)(O)OP(=O)(O)OCC3C(C(C(O3)N4C=NC5=C(N=CN=C54)N)O)O)O)O
929,C1=CC(=C[N+](=C1)C2C(C(C(O2)COP(=O)(O)OP(=O)(O)OCC3C(C(C(O3)N4C=NC5=C(N=CN=C54)N)OP(=O)(O)O)O)O)O)C(=O)N
930,C1C=CN(C=C1C(=O)N)C2C(C(C(O2)COP(=O)(O)OP(=O)(O)OCC3C(C(C(O3)N4C=NC5=C(N=CN=C54)N)OP(=O)(O)O)O)O)O
931,C1=CC=C2C=CC=CC2=C1
932,C1C(OC2=CC(=CC(=C2C1=O)O)O)C3=CC=C(C=C3)O
933,[NH3+]O
934,[Ni+2]
935,[Ni]
936,C1=CC(=CN=C1)C(=O)N
937,C1=CC(=CN=C1)C(=O)[O-]
938,C1=CC(=CN=C1)C(=O)O
939,C1=CC(=C[N+](=C1)C2C(C(C(O2)COP(=O)(O)O)O)O)C(=O)N
940,C1=CC(=C[N+](=C1)C2C(C(C(O2)CO)O)O)C(=O)N
941,C1=CC(=C[N+](=C1)C2C(C(C(O2)COP(=O)(O)O)O)O)C(=O)O
942,CN1CCCC1C2=CN=CC=C2
943,[N+](=O)([O-])[O-]
944,[N+](=O)(O)[O-]
945,N=O
946,N(=O)[O-]
947,N#N
948,[N-]=[N+]=O
949,CN(C)C1=CC=CC=C1
950,C[N+](C)(C1=CC=CC=C1)[O-]
951,C1=CC(=C(C=C1C(CN)O)O)O
952,C1C(C(C(O1)CO)O)O
953,C(COP(=O)(O)O)C(C(=O)O)N
954,C(COC(=O)CCC(=O)O)C(C(=O)O)N
955,C1=CC=C(C(=C1)C(=O)CCC(=O)O)C(=O)O
956,CC(C)(COP(=O)(O)OP(=O)(O)OCC1C(C(C(O1)N2C=NC3=C(N=CN=C32)N)O)OP(=O)(O)O)C(C(=O)NCCC(=O)NCCSC(=O)C4=CC=CC=C4C(=O)CCC(=O)O)O
957,CCCCCCCCO
958,CC(=CCCC(=CCCC(=CCCC(=CCCC(=CCCC(=CCCC(=CCCC(=CCC1=CC(=O)C=C(C1=O)OC)C)C)C)C)C)C)C)C
959,CC1=C(C(=O)C(=CC1=O)OC)CC=C(C)CCC=C(C)CCC=C(C)CCC=C(C)CCC=C(C)CCC=C(C)CCC=C(C)CCC=C(C)C
960,CC1=C(C(=C(C(=O)C1=O)OC)O)CC=C(C)CCC=C(C)CCC=C(C)CCC=C(C)CCC=C(C)CCC=C(C)CCC=C(C)CCC=C(C)C
961,[OH-]
962,O
963,CCCCCCCCCCCC(CC(=O)NC1C(C(C(OC1OP(=O)(O)OP(=O)(O)OCC2C(C(C(O2)N3C=CC(=O)NC3=O)O)O)CO)O)OC(=O)CC(CCCCCCCCCCC)O)O
964,C(C(=O)C(=O)O)O
965,CCCCCCCCC=CCCCCCCCC(=O)O
966,CCCCCCCCC=CCCCCCCCC(=O)SCCNC(=O)CCNC(=O)C(C(C)(C)COP(=O)(O)OP(=O)(O)OCC1C(C(C(O1)N2C=NC3=C(N=CN=C32)N)O)OP(=O)(O)O)O
967,C1=C(NC(=O)NC1=O)C(=O)O
968,C1=C(N(C(=O)NC1=O)C2C(C(C(O2)COP(=O)(O)O)O)O)C(=O)O
969,CC(C(=O)NC(CCC(=O)NC(CCC(=O)O)C(=O)O)C(=O)O)OP(=O)(O)OCC(C(C(CN1C2=CC(=O)C=CC2=CC3=C1NC(=O)NC3=O)O)O)O
970,C(C(=O)C(=O)O)C(=O)O
971,C(=O)(C(=O)O)O
972,C(C(C(=O)C(=O)O)C(=O)O)C(=O)O
973,CC(C)(COP(=O)(O)OP(=O)(O)OCC1C(C(C(O1)N2C=NC3=C(N=CN=C32)N)O)OP(=O)(O)O)C(C(=O)NCCC(=O)NCCSC(=O)C(=O)O)O
974,C(=O)(C(=O)O)N
975,C(CC(=O)NC(CSSCC(C(=O)NCC(=O)O)NC(=O)CCC(C(=O)O)N)C(=O)NCC(=O)O)C(C(=O)O)N
976,C=CCC(=O)C(=O)O
977,O=O
978,C1=CC(=CC=C1C(=O)O)N
979,C1=CC(=CC=C1CC(=O)C(=O)O)O
980,C1=CC(=CC=C1[N+](=O)[O-])O
981,C1=NC(=C(N1C2C(C(C(O2)COP(=O)(O)O)O)O)N)C(=O)NC(CC(=O)O)C(=O)O
982,C1=NC(=C2C(=N1)N(C=N2)C3C(C(C(O3)COP(=O)(O)OP(=O)(O)OP(=O)(O)OCC4C(C(C(O4)N5C=NC6=C(N=CN=C65)N)O)O)O)O)N
983,OP(=O)(O)OP(=O)(O)OP(=O)(O)O
984,CCCCCCCCCCCCCCCC=O
985,CCCCCCCCCCCCCCCC(=O)O
986,CCCCCCCCCCCCCCCC(=O)SCCNC(=O)CCNC(=O)C(C(C)(C)COP(=O)(O)OP(=O)(O)OCC1C(C(C(O1)N2C=NC3=C(N=CN=C32)N)O)OP(=O)(O)O)O
987,CC(C)(COP(=O)(O)O)C(C(=O)NCCC(=O)NCCS)O
988,CC(C)(CO)C(C(=O)NCCC(=O)O)O
989,CC1(COC(=O)C1O)C
990,C1=NC(=C2C(=N1)N(C=N2)C3C(C(C(O3)COP(=O)(O)OS(=O)(=O)O)OP(=O)(O)O)O)N
991,CCOP(=S)(OCC)OC1=CC=C(C=C1)[N+](=O)[O-]
992,C1(=C(C(=C(C(=C1Cl)Cl)Cl)Cl)Cl)O
993,C(C1C(C(C(O1)O)O)O)O
994,C1=CC=C(C=C1)CC(C(=O)O)N
995,C1=CC=C2C(=C1)C=CC3=CC=CC=C32
996,C1=CC=C(C=C1)O
997,C1=CC=C(C=C1)CC(=O)C(=O)O
998,C1=CC=C(C=C1)CC=O
999,C1=CC=C(C=C1)CC(=O)O
1000,C1=CC=C(C=C1)C(CN)O
